ID,Nom,Prenom,Email,Date Inscription
1,Doe,John,newemail@example.com,2024-10-03
2,Smith,Jane,jane.smith@example.com,2024-10-03
3,Doe,John,john.doe@example.com,2024-10-03
4,Smith,Jane,jane.smith@example.com,2024-10-03
5,Doe,John,john.doe@example.com,2024-10-03
6,Smith,Jane,jane.smith@example.com,2024-10-03
7,Doe,John,john.doe@example.com,2024-10-03
8,Smith,Jane,jane.smith@example.com,2024-10-03
9,Doe,John,john.doe@example.com,2024-10-04
10,Smith,Jane,jane.smith@example.com,2024-10-04
11,Doe,John,john.doe@example.com,2024-10-04
12,Smith,Jane,jane.smith@example.com,2024-10-04
